group,squared_l2
||theta||^2,66605.61491827412
||month_year||^2,5.807458519107363
beta_log_pop_o,0.0029744627537572946
beta_log_pop_d,0.0029744627537572946
